"","ST_CNTY_CODE","included_bc"
"1","37183","copperhead observations"
"2","51059","copperhead observations"
"3","24017","copperhead observations"
"4","20045","copperhead observations"
"5","29071","copperhead observations"
"6","17003","copperhead observations"
"7","47157","copperhead observations"
"8","17087","copperhead observations"
"9","18013","copperhead observations"
"10","17181","copperhead observations"
"11","39087","copperhead observations"
"12","29099","copperhead observations"
"13","42133","copperhead observations"
"14","54039","copperhead observations"
"15","54067","copperhead observations"
"16","51195","copperhead observations"
"17","29203","copperhead observations"
"18","17151","copperhead observations"
"19","51051","copperhead observations"
"20","34003","copperhead observations"
"21","42011","copperhead observations"
"22","42029","copperhead observations"
"23","42025","copperhead observations"
"24","37155","copperhead observations"
"25","5141","copperhead observations"
"26","47155","copperhead observations"
"27","29019","copperhead observations"
"28","47051","copperhead observations"
"29","29055","copperhead observations"
"30","22017","copperhead observations"
"31","51121","copperhead observations"
"32","17133","copperhead observations"
"33","17077","copperhead observations"
"34","37193","copperhead observations"
"35","17153","copperhead observations"
"36","37063","copperhead observations"
"37","37135","copperhead observations"
"38","22077","copperhead observations"
"39","22033","copperhead observations"
"40","28145","copperhead observations"
"41","5101","copperhead observations"
"42","47009","copperhead observations"
"43","37119","copperhead observations"
"44","29077","copperhead observations"
"45","29043","copperhead observations"
"46","37099","copperhead observations"
"47","37037","copperhead observations"
"48","51029","copperhead observations"
"49","47151","copperhead observations"
"50","36111","copperhead observations"
"51","24009","copperhead observations"
"52","36027","copperhead observations"
"53","21099","copperhead observations"
"54","42051","copperhead observations"
"55","21195","copperhead observations"
"56","21193","copperhead observations"
"57","24027","copperhead observations"
"58","48147","copperhead observations"
"59","37021","copperhead observations"
"60","28071","copperhead observations"
"61","40001","copperhead observations"
"62","45083","copperhead observations"
"63","54003","copperhead observations"
"64","37171","copperhead observations"
"65","37001","copperhead observations"
"66","24031","copperhead observations"
"67","51085","copperhead observations"
"68","51043","copperhead observations"
"69","51187","copperhead observations"
"70","37023","copperhead observations"
"71","47031","copperhead observations"
"72","28093","copperhead observations"
"73","37025","copperhead observations"
"74","42119","copperhead observations"
"75","1087","copperhead observations"
"76","47129","copperhead observations"
"77","48387","copperhead observations"
"78","5087","copperhead observations"
"79","39145","copperhead observations"
"80","5127","copperhead observations"
"81","29207","copperhead observations"
"82","51153","copperhead observations"
"83","5047","copperhead observations"
"84","45045","copperhead observations"
"85","20073","copperhead observations"
"86","51107","copperhead observations"
"87","47015","copperhead observations"
"88","5131","copperhead observations"
"89","45091","copperhead observations"
"90","37089","copperhead observations"
"91","47065","copperhead observations"
"92","51109","copperhead observations"
"93","51087","copperhead observations"
"94","47163","copperhead observations"
"95","47179","copperhead observations"
"96","47019","copperhead observations"
"97","51061","copperhead observations"
"98","20091","copperhead observations"
"99","21061","copperhead observations"
"100","22107","copperhead observations"
"101","5109","copperhead observations"
"102","51113","copperhead observations"
"103","13233","copperhead observations"
"104","29179","copperhead observations"
"105","24021","copperhead observations"
"106","21065","copperhead observations"
"107","1071","copperhead observations"
"108","21129","copperhead observations"
"109","5137","copperhead observations"
"110","18105","copperhead observations"
"111","37161","copperhead observations"
"112","37175","copperhead observations"
"113","51023","copperhead observations"
"114","47059","copperhead observations"
"115","5059","copperhead observations"
"116","42103","copperhead observations"
"117","29223","copperhead observations"
"118","42001","copperhead observations"
"119","17127","copperhead observations"
"120","45077","copperhead observations"
"121","54037","copperhead observations"
"122","5143","copperhead observations"
"123","1095","copperhead observations"
"124","29031","copperhead observations"
"125","39073","copperhead observations"
"126","21197","copperhead observations"
"127","51171","copperhead observations"
"128","34027","copperhead observations"
"129","54027","copperhead observations"
"130","1073","copperhead observations"
"131","47069","copperhead observations"
"132","13121","copperhead observations"
"133","40089","copperhead observations"
"134","17165","copperhead observations"
"135","21007","copperhead observations"
"136","22073","copperhead observations"
"137","22091","copperhead observations"
"138","1049","copperhead observations"
"139","48277","copperhead observations"
"140","37083","copperhead observations"
"141","11001","copperhead observations"
"142","1019","copperhead observations"
"143","39009","copperhead observations"
"144","5031","copperhead observations"
"145","21205","copperhead observations"
"146","51147","copperhead observations"
"147","36119","copperhead observations"
"148","54045","copperhead observations"
"149","51019","copperhead observations"
"150","47115","copperhead observations"
"151","9170","copperhead observations"
"152","51009","copperhead observations"
"153","51155","copperhead observations"
"154","51157","copperhead observations"
"155","54019","copperhead observations"
"156","29093","copperhead observations"
"157","29095","copperhead observations"
"158","13057","copperhead observations"
"159","24043","copperhead observations"
"160","47029","copperhead observations"
"161","51015","copperhead observations"
"162","45073","copperhead observations"
"163","13241","copperhead observations"
"164","47061","copperhead observations"
"165","42005","copperhead observations"
"166","42041","copperhead observations"
"167","51065","copperhead observations"
"168","13311","copperhead observations"
"169","13055","copperhead observations"
"170","51011","copperhead observations"
"171","5049","copperhead observations"
"172","13291","copperhead observations"
"173","5007","copperhead observations"
"174","21071","copperhead observations"
"175","21011","copperhead observations"
"176","29123","copperhead observations"
"177","28141","copperhead observations"
"178","29215","copperhead observations"
"179","13115","copperhead observations"
"180","22063","copperhead observations"
"181","42099","copperhead observations"
"182","47171","copperhead observations"
"183","47073","copperhead observations"
"184","37081","copperhead observations"
"185","34041","copperhead observations"
"186","42089","copperhead observations"
"187","37067","copperhead observations"
"188","21151","copperhead observations"
"189","1101","copperhead observations"
"190","22125","copperhead observations"
"191","13295","copperhead observations"
"192","28061","copperhead observations"
"193","10003","copperhead observations"
"194","22067","copperhead observations"
"195","54055","copperhead observations"
"196","21057","copperhead observations"
"197","42043","copperhead observations"
"198","1105","copperhead observations"
"199","34039","copperhead observations"
"200","37151","copperhead observations"
"201","24013","copperhead observations"
"202","21009","copperhead observations"
"203","47139","copperhead observations"
"204","13195","copperhead observations"
"205","51111","copperhead observations"
"206","51177","copperhead observations"
"207","47143","copperhead observations"
"208","47141","copperhead observations"
"209","24033","copperhead observations"
"210","29139","copperhead observations"
"211","51139","copperhead observations"
"212","51143","copperhead observations"
"213","54071","copperhead observations"
"214","42055","copperhead observations"
"215","47005","copperhead observations"
"216","18119","copperhead observations"
"217","47187","copperhead observations"
"218","24025","copperhead observations"
"219","29009","copperhead observations"
"220","47047","copperhead observations"
"221","29189","copperhead observations"
"222","42129","copperhead observations"
"223","39167","copperhead observations"
"224","29035","copperhead observations"
"225","37027","copperhead observations"
"226","37157","copperhead observations"
"227","24005","copperhead observations"
"228","51003","copperhead observations"
"229","1051","copperhead observations"
"230","34037","copperhead observations"
"231","47135","copperhead observations"
"232","29183","copperhead observations"
"233","36071","copperhead observations"
"234","45003","copperhead observations"
"235","51163","copperhead observations"
"236","37087","copperhead observations"
"237","21189","copperhead observations"
"238","1065","copperhead observations"
"239","13123","copperhead observations"
"240","47185","copperhead observations"
"241","39001","copperhead observations"
"242","28085","copperhead observations"
"243","54061","copperhead observations"
"244","37111","copperhead observations"
"245","42027","copperhead observations"
"246","5083","copperhead observations"
"247","24037","copperhead observations"
"248","21073","copperhead observations"
"249","5107","copperhead observations"
"250","45059","copperhead observations"
"251","5027","copperhead observations"
"252","5009","copperhead observations"
"253","9110","copperhead observations"
"254","36087","copperhead observations"
"255","22021","copperhead observations"
"256","40101","copperhead observations"
"257","5129","copperhead observations"
"258","47113","copperhead observations"
"259","24003","copperhead observations"
"260","21111","copperhead observations"
"261","18019","copperhead observations"
"262","24001","copperhead observations"
"263","21199","copperhead observations"
"264","42079","copperhead observations"
"265","21125","copperhead observations"
"266","54035","copperhead observations"
"267","42061","copperhead observations"
"268","37097","copperhead observations"
"269","51075","copperhead observations"
"270","28033","copperhead observations"
"271","13111","copperhead observations"
"272","21237","copperhead observations"
"273","47161","copperhead observations"
"274","5095","copperhead observations"
"275","1119","copperhead observations"
"276","5033","copperhead observations"
"277","51165","copperhead observations"
"278","5061","copperhead observations"
"279","22029","copperhead observations"
"280","51025","copperhead observations"
"281","40113","copperhead observations"
"282","29161","copperhead observations"
"283","48257","copperhead observations"
"284","34019","copperhead observations"
"285","13157","copperhead observations"
"286","29153","copperhead observations"
"287","51179","copperhead observations"
"288","18077","copperhead observations"
"289","21227","copperhead observations"
"290","29131","copperhead observations"
"291","29225","copperhead observations"
"292","29023","copperhead observations"
"293","21203","copperhead observations"
"294","5111","copperhead observations"
"295","47037","copperhead observations"
"296","21143","copperhead observations"
"297","21157","copperhead observations"
"298","51161","copperhead observations"
"299","9190","copperhead observations"
"300","29029","copperhead observations"
"301","20149","copperhead observations"
"302","47053","copperhead observations"
"303","21067","copperhead observations"
"304","29169","copperhead observations"
"305","54041","copperhead observations"
"306","29101","copperhead observations"
"307","29109","copperhead observations"
"308","51105","copperhead observations"
"309","5071","copperhead observations"
"310","47007","copperhead observations"
"311","37149","copperhead observations"
"312","29083","copperhead observations"
"313","42107","copperhead observations"
"314","5135","copperhead observations"
"315","54023","copperhead observations"
"316","21221","copperhead observations"
"317","47133","copperhead observations"
"318","29187","copperhead observations"
"319","1001","copperhead observations"
"320","47013","copperhead observations"
"321","29167","copperhead observations"
"322","29113","copperhead observations"
"323","47173","copperhead observations"
"324","47001","copperhead observations"
"325","51033","copperhead observations"
"326","47137","copperhead observations"
"327","42075","copperhead observations"
"328","13245","copperhead observations"
"329","29186","copperhead observations"
"330","29105","copperhead observations"
"331","36079","copperhead observations"
"332","47079","copperhead observations"
"333","54077","copperhead observations"
"334","28117","copperhead observations"
"335","42071","copperhead observations"
"336","51069","copperhead observations"
"337","51141","copperhead observations"
"338","42111","copperhead observations"
"339","18121","copperhead observations"
"340","34035","copperhead observations"
"341","51045","copperhead observations"
"342","47041","copperhead observations"
"343","18101","copperhead observations"
"344","29181","copperhead observations"
"345","22065","copperhead observations"
"346","29229","copperhead observations"
"347","39127","copperhead observations"
"348","28011","copperhead observations"
"349","37115","copperhead observations"
"350","13285","copperhead observations"
"351","29065","copperhead observations"
"352","29157","copperhead observations"
"353","37039","copperhead observations"
"354","29011","copperhead observations"
"355","42063","copperhead observations"
"356","21173","copperhead observations"
"357","54089","copperhead observations"
"358","54097","copperhead observations"
"359","21029","copperhead observations"
"360","1043","copperhead observations"
"361","51067","copperhead observations"
"362","18071","copperhead observations"
"363","5121","copperhead observations"
"364","54095","copperhead observations"
"365","54085","copperhead observations"
"366","28001","copperhead observations"
"367","22037","copperhead observations"
"368","28163","copperhead observations"
"369","47093","copperhead observations"
"370","28015","copperhead observations"
"371","21079","copperhead observations"
"372","51063","copperhead observations"
"373","28049","copperhead observations"
"374","42003","copperhead observations"
"375","20111","copperhead observations"
"376","37069","copperhead observations"
"377","54005","copperhead observations"
"378","21235","copperhead observations"
"379","5089","copperhead observations"
"380","47071","copperhead observations"
"381","51145","copperhead observations"
"382","29091","copperhead observations"
"383","1115","copperhead observations"
"384","18175","copperhead observations"
"385","21179","copperhead observations"
"386","29051","copperhead observations"
"387","51035","copperhead observations"
"388","5069","copperhead observations"
"389","47063","copperhead observations"
"390","22027","copperhead observations"
"391","28089","copperhead observations"
"392","34033","copperhead observations"
"393","51173","copperhead observations"
"394","39115","copperhead observations"
"395","1113","copperhead observations"
"396","45007","copperhead observations"
"397","21003","copperhead observations"
"398","5065","copperhead observations"
"399","17059","copperhead observations"
"400","5133","copperhead observations"
"401","28075","copperhead observations"
"402","51047","copperhead observations"
"403","21109","copperhead observations"
"404","42091","copperhead observations"
"405","20011","copperhead observations"
"406","5019","copperhead observations"
"407","42069","copperhead observations"
"408","21113","copperhead observations"
"409","5005","copperhead observations"
"410","47177","copperhead observations"
"411","20021","copperhead observations"
"412","29219","copperhead observations"
"413","37199","copperhead observations"
"414","9130","copperhead observations"
"415","47049","copperhead observations"
"416","54109","copperhead observations"
"417","51197","copperhead observations"
"418","37169","copperhead observations"
"419","42035","copperhead observations"
"420","37005","copperhead observations"
"421","18061","copperhead observations"
"422","17199","copperhead observations"
"423","42017","copperhead observations"
"424","54007","copperhead observations"
"425","29059","copperhead observations"
"426","29221","copperhead observations"
"427","21135","copperhead observations"
"428","28007","copperhead observations"
"429","47149","copperhead observations"
"430","17083","copperhead observations"
"431","21145","copperhead observations"
"432","47025","copperhead observations"
"433","5123","copperhead observations"
"434","37189","copperhead observations"
"435","47085","copperhead observations"
"436","47109","copperhead observations"
"437","40143","copperhead observations"
"438","47183","copperhead observations"
"439","28043","copperhead observations"
"440","40023","copperhead observations"
"441","24023","copperhead observations"
"442","17069","copperhead observations"
"443","28121","copperhead observations"
"444","40097","copperhead observations"
"445","34031","copperhead observations"
"446","21035","copperhead observations"
"447","28091","copperhead observations"
"448","40105","copperhead observations"
"449","40117","copperhead observations"
"450","29017","copperhead observations"
"451","1009","copperhead observations"
"452","40147","copperhead observations"
"453","17157","copperhead observations"
"454","47075","copperhead observations"
"455","47123","copperhead observations"
"456","47021","copperhead observations"
"457","21083","copperhead observations"
"458","24015","copperhead observations"
"459","1055","copperhead observations"
"460","17119","copperhead observations"
"461","18055","copperhead observations"
"462","21043","copperhead observations"
"463","20205","copperhead observations"
"464","51071","copperhead observations"
"465","21045","copperhead observations"
"466","18109","copperhead observations"
"467","47039","copperhead observations"
"468","21033","copperhead observations"
"469","37121","copperhead observations"
"470","20099","copperhead observations"
"471","39105","copperhead observations"
"472","42009","copperhead observations"
"473","18025","copperhead observations"
"474","20139","copperhead observations"
"475","21123","copperhead observations"
"476","28051","copperhead observations"
"477","21127","copperhead observations"
"478","28161","copperhead observations"
"479","47027","copperhead observations"
"480","20017","copperhead observations"
"481","5117","copperhead observations"
"482","54065","copperhead observations"
"483","54057","copperhead observations"
"484","10005","copperhead observations"
"485","28023","copperhead observations"
"486","17081","copperhead observations"
"487","29027","copperhead observations"
"488","47145","copperhead observations"
"489","20209","copperhead observations"
"490","37131","copperhead observations"
"491","5015","copperhead observations"
"492","51037","copperhead observations"
"493","28005","copperhead observations"
"494","54099","copperhead observations"
"495","47131","copperhead observations"
"496","54063","copperhead observations"
"497","51021","copperhead observations"
"498","42087","copperhead observations"
"499","21085","copperhead observations"
"500","42037","copperhead observations"
"501","29127","copperhead observations"
"502","54079","copperhead observations"
"503","54059","copperhead observations"
"504","47167","copperhead observations"
"505","40013","copperhead observations"
"506","54031","copperhead observations"
"507","39089","copperhead observations"
"508","54047","copperhead observations"
"509","13137","copperhead observations"
"510","54081","copperhead observations"
"511","42059","copperhead observations"
"512","47011","copperhead observations"
"513","54021","copperhead observations"
"514","28139","copperhead observations"
"515","51027","copperhead observations"
"516","51510","copperhead observations"
"517","51185","copperhead observations"
"518","40145","copperhead observations"
"519","37185","copperhead observations"
"520","29057","copperhead observations"
"521","21153","copperhead observations"
"522","47147","copperhead observations"
"523","28079","copperhead observations"
"524","28029","copperhead observations"
"525","21137","copperhead observations"
"526","48097","copperhead observations"
"527","28081","copperhead observations"
"528","20001","copperhead observations"
"529","22083","copperhead observations"
"530","29085","copperhead observations"
"531","13047","copperhead observations"
"532","29149","copperhead observations"
"533","28003","copperhead observations"
"534","42077","copperhead observations"
"535","47017","copperhead observations"
"536","21089","copperhead observations"
"537","54103","copperhead observations"
"538","21115","copperhead observations"
"539","54013","copperhead observations"
"540","28129","copperhead observations"
"541","21119","copperhead observations"
"542","28119","copperhead observations"
"543","29089","copperhead observations"
"544","54025","copperhead observations"
"545","28113","copperhead observations"
"546","1085","copperhead observations"
"547","47033","copperhead observations"
"548","47055","copperhead observations"
"549","28021","copperhead observations"
"550","22025","copperhead observations"
"551","24041","copperhead observations"
"552","5077","copperhead observations"
"553","29201","copperhead observations"
"554","18163","copperhead observations"
"555","18045","copperhead observations"
"556","21159","copperhead observations"
"557","42067","copperhead observations"
"558","51031","copperhead observations"
"559","21019","copperhead observations"
"560","47111","copperhead observations"
"561","51077","copperhead observations"
"562","39163","copperhead observations"
"563","29185","copperhead observations"
"564","42013","copperhead observations"
"565","54075","copperhead observations"
"566","18143","copperhead observations"
"567","18123","copperhead observations"
"568","28149","copperhead observations"
"569","21005","copperhead observations"
"570","54001","copperhead observations"
"571","21139","copperhead observations"
"572","42019","copperhead observations"
"573","18117","copperhead observations"
"574","21053","within copperhead range"
"575","01027","within copperhead range"
"576","13189","within copperhead range"
"577","05137","within copperhead range"
"578","42007","within copperhead range"
"579","51775","within copperhead range"
"580","01091","within copperhead range"
"581","51735","within copperhead range"
"582","51095","within copperhead range"
"583","22019","within copperhead range"
"584","22111","within copperhead range"
"585","40135","within copperhead range"
"586","01049","within copperhead range"
"587","42053","within copperhead range"
"588","22105","within copperhead range"
"589","13171","within copperhead range"
"590","48361","within copperhead range"
"591","39047","within copperhead range"
"592","25015","within copperhead range"
"593","25025","within copperhead range"
"594","21231","within copperhead range"
"595","20043","within copperhead range"
"596","12131","within copperhead range"
"597","28017","within copperhead range"
"598","20157","within copperhead range"
"599","17067","within copperhead range"
"600","37057","within copperhead range"
"601","17025","within copperhead range"
"602","29103","within copperhead range"
"603","29117","within copperhead range"
"604","51181","within copperhead range"
"605","39017","within copperhead range"
"606","13273","within copperhead range"
"607","13063","within copperhead range"
"608","18115","within copperhead range"
"609","13073","within copperhead range"
"610","05113","within copperhead range"
"611","13193","within copperhead range"
"612","24047","within copperhead range"
"613","17185","within copperhead range"
"614","21209","within copperhead range"
"615","45023","within copperhead range"
"616","17005","within copperhead range"
"617","17009","within copperhead range"
"618","42127","within copperhead range"
"619","48041","within copperhead range"
"620","40095","within copperhead range"
"621","13089","within copperhead range"
"622","13227","within copperhead range"
"623","24510","within copperhead range"
"624","05063","within copperhead range"
"625","05085","within copperhead range"
"626","13119","within copperhead range"
"627","13265","within copperhead range"
"628","48245","within copperhead range"
"629","48027","within copperhead range"
"630","28069","within copperhead range"
"631","05019","within copperhead range"
"632","01019","within copperhead range"
"633","34007","within copperhead range"
"634","05049","within copperhead range"
"635","05083","within copperhead range"
"636","37109","within copperhead range"
"637","05091","within copperhead range"
"638","13045","within copperhead range"
"639","20161","within copperhead range"
"640","51167","within copperhead range"
"641","18173","within copperhead range"
"642","21001","within copperhead range"
"643","21077","within copperhead range"
"644","21097","within copperhead range"
"645","48181","within copperhead range"
"646","01065","within copperhead range"
"647","01105","within copperhead range"
"648","01033","within copperhead range"
"649","21017","within copperhead range"
"650","01063","within copperhead range"
"651","47159","within copperhead range"
"652","51089","within copperhead range"
"653","19101","within copperhead range"
"654","48119","within copperhead range"
"655","47169","within copperhead range"
"656","13279","within copperhead range"
"657","48397","within copperhead range"
"658","37145","within copperhead range"
"659","28151","within copperhead range"
"660","28055","within copperhead range"
"661","48005","within copperhead range"
"662","45081","within copperhead range"
"663","29125","within copperhead range"
"664","05001","within copperhead range"
"665","51540","within copperhead range"
"666","48309","within copperhead range"
"667","13181","within copperhead range"
"668","01013","within copperhead range"
"669","47165","within copperhead range"
"670","51097","within copperhead range"
"671","05015","within copperhead range"
"672","51820","within copperhead range"
"673","28009","within copperhead range"
"674","21055","within copperhead range"
"675","18171","within copperhead range"
"676","31095","within copperhead range"
"677","31151","within copperhead range"
"678","25001","within copperhead range"
"679","51119","within copperhead range"
"680","42065","within copperhead range"
"681","47003","within copperhead range"
"682","17029","within copperhead range"
"683","47097","within copperhead range"
"684","21175","within copperhead range"
"685","21177","within copperhead range"
"686","17049","within copperhead range"
"687","47105","within copperhead range"
"688","42109","within copperhead range"
"689","48289","within copperhead range"
"690","51595","within copperhead range"
"691","40081","within copperhead range"
"692","13145","within copperhead range"
"693","13251","within copperhead range"
"694","29145","within copperhead range"
"695","18129","within copperhead range"
"696","17035","within copperhead range"
"697","13297","within copperhead range"
"698","17033","within copperhead range"
"699","13129","within copperhead range"
"700","51580","within copperhead range"
"701","42031","within copperhead range"
"702","18031","within copperhead range"
"703","18037","within copperhead range"
"704","51057","within copperhead range"
"705","45089","within copperhead range"
"706","40063","within copperhead range"
"707","51005","within copperhead range"
"708","28087","within copperhead range"
"709","28073","within copperhead range"
"710","18137","within copperhead range"
"711","13147","within copperhead range"
"712","22049","within copperhead range"
"713","51133","within copperhead range"
"714","48157","within copperhead range"
"715","17057","within copperhead range"
"716","29119","within copperhead range"
"717","01081","within copperhead range"
"718","13293","within copperhead range"
"719","13013","within copperhead range"
"720","13183","within copperhead range"
"721","40115","within copperhead range"
"722","42033","within copperhead range"
"723","17135","within copperhead range"
"724","22043","within copperhead range"
"725","29005","within copperhead range"
"726","17055","within copperhead range"
"727","01097","within copperhead range"
"728","01057","within copperhead range"
"729","01017","within copperhead range"
"730","21087","within copperhead range"
"731","18047","within copperhead range"
"732","37013","within copperhead range"
"733","37159","within copperhead range"
"734","48149","within copperhead range"
"735","22061","within copperhead range"
"736","48203","within copperhead range"
"737","40131","within copperhead range"
"738","54011","within copperhead range"
"739","05141","within copperhead range"
"740","20035","within copperhead range"
"741","05071","within copperhead range"
"742","47081","within copperhead range"
"743","28143","within copperhead range"
"744","29081","within copperhead range"
"745","18005","within copperhead range"
"746","13223","within copperhead range"
"747","39015","within copperhead range"
"748","25027","within copperhead range"
"749","13079","within copperhead range"
"750","29037","within copperhead range"
"751","48477","within copperhead range"
"752","29067","within copperhead range"
"753","37051","within copperhead range"
"754","05129","within copperhead range"
"755","37153","within copperhead range"
"756","37093","within copperhead range"
"757","42023","within copperhead range"
"758","45035","within copperhead range"
"759","17023","within copperhead range"
"760","21201","within copperhead range"
"761","47095","within copperhead range"
"762","45015","within copperhead range"
"763","05051","within copperhead range"
"764","39155","within copperhead range"
"765","20115","within copperhead range"
"766","48403","within copperhead range"
"767","39131","within copperhead range"
"768","01125","within copperhead range"
"769","01131","within copperhead range"
"770","28097","within copperhead range"
"771","51073","within copperhead range"
"772","05133","within copperhead range"
"773","42101","within copperhead range"
"774","37029","within copperhead range"
"775","05069","within copperhead range"
"776","05079","within copperhead range"
"777","48223","within copperhead range"
"778","36001","within copperhead range"
"779","48225","within copperhead range"
"780","39111","within copperhead range"
"781","18107","within copperhead range"
"782","47089","within copperhead range"
"783","22053","within copperhead range"
"784","40029","within copperhead range"
"785","18051","within copperhead range"
"786","28019","within copperhead range"
"787","29079","within copperhead range"
"788","45047","within copperhead range"
"789","20059","within copperhead range"
"790","54051","within copperhead range"
"791","29163","within copperhead range"
"792","13319","within copperhead range"
"793","39059","within copperhead range"
"794","29209","within copperhead range"
"795","51760","within copperhead range"
"796","48401","within copperhead range"
"797","13199","within copperhead range"
"798","13053","within copperhead range"
"799","39129","within copperhead range"
"800","47099","within copperhead range"
"801","45069","within copperhead range"
"802","31127","within copperhead range"
"803","37031","within copperhead range"
"804","45009","within copperhead range"
"805","18165","within copperhead range"
"806","51610","within copperhead range"
"807","39119","within copperhead range"
"808","28109","within copperhead range"
"809","28111","within copperhead range"
"810","12013","within copperhead range"
"811","21117","within copperhead range"
"812","37139","within copperhead range"
"813","42057","within copperhead range"
"814","22055","within copperhead range"
"815","48407","within copperhead range"
"816","39139","within copperhead range"
"817","17001","within copperhead range"
"818","39169","within copperhead range"
"819","13113","within copperhead range"
"820","13141","within copperhead range"
"821","36039","within copperhead range"
"822","51137","within copperhead range"
"823","01095","within copperhead range"
"824","22113","within copperhead range"
"825","05121","within copperhead range"
"826","22035","within copperhead range"
"827","22087","within copperhead range"
"828","48481","within copperhead range"
"829","45031","within copperhead range"
"830","01053","within copperhead range"
"831","13143","within copperhead range"
"832","17041","within copperhead range"
"833","51079","within copperhead range"
"834","05065","within copperhead range"
"835","29165","within copperhead range"
"836","29021","within copperhead range"
"837","01083","within copperhead range"
"838","54029","within copperhead range"
"839","17163","within copperhead range"
"840","17189","within copperhead range"
"841","05127","within copperhead range"
"842","42073","within copperhead range"
"843","39067","within copperhead range"
"844","37003","within copperhead range"
"845","51101","within copperhead range"
"846","47023","within copperhead range"
"847","17171","within copperhead range"
"848","47087","within copperhead range"
"849","17159","within copperhead range"
"850","01009","within copperhead range"
"851","29173","within copperhead range"
"852","13061","within copperhead range"
"853","48159","within copperhead range"
"854","40005","within copperhead range"
"855","13015","within copperhead range"
"856","40111","within copperhead range"
"857","29003","within copperhead range"
"858","21051","within copperhead range"
"859","48473","within copperhead range"
"860","01099","within copperhead range"
"861","13139","within copperhead range"
"862","13283","within copperhead range"
"863","13037","within copperhead range"
"864","24019","within copperhead range"
"865","34005","within copperhead range"
"866","13099","within copperhead range"
"867","25007","within copperhead range"
"868","28101","within copperhead range"
"869","37163","within copperhead range"
"870","47127","within copperhead range"
"871","17065","within copperhead range"
"872","05105","within copperhead range"
"873","01093","within copperhead range"
"874","51770","within copperhead range"
"875","48037","within copperhead range"
"876","29177","within copperhead range"
"877","01085","within copperhead range"
"878","13043","within copperhead range"
"879","13215","within copperhead range"
"880","28135","within copperhead range"
"881","20005","within copperhead range"
"882","40133","within copperhead range"
"883","51550","within copperhead range"
"884","25013","within copperhead range"
"885","20029","within copperhead range"
"886","01037","within copperhead range"
"887","21095","within copperhead range"
"888","20061","within copperhead range"
"889","45071","within copperhead range"
"890","51093","within copperhead range"
"891","22047","within copperhead range"
"892","28125","within copperhead range"
"893","51750","within copperhead range"
"894","18139","within copperhead range"
"895","42085","within copperhead range"
"896","05031","within copperhead range"
"897","29195","within copperhead range"
"898","17193","within copperhead range"
"899","37173","within copperhead range"
"900","37011","within copperhead range"
"901","54107","within copperhead range"
"902","45063","within copperhead range"
"903","54101","within copperhead range"
"904","21063","within copperhead range"
"905","25003","within copperhead range"
"906","29041","within copperhead range"
"907","34023","within copperhead range"
"908","05023","within copperhead range"
"909","01109","within copperhead range"
"910","25005","within copperhead range"
"911","37045","within copperhead range"
"912","05059","within copperhead range"
"913","17169","within copperhead range"
"914","13081","within copperhead range"
"915","05027","within copperhead range"
"916","48449","within copperhead range"
"917","37125","within copperhead range"
"918","22099","within copperhead range"
"919","01119","within copperhead range"
"920","01133","within copperhead range"
"921","28035","within copperhead range"
"922","20177","within copperhead range"
"923","18081","within copperhead range"
"924","01121","within copperhead range"
"925","39041","within copperhead range"
"926","13261","within copperhead range"
"927","22039","within copperhead range"
"928","51600","within copperhead range"
"929","29039","within copperhead range"
"930","13059","within copperhead range"
"931","05103","within copperhead range"
"932","40071","within copperhead range"
"933","13077","within copperhead range"
"934","28127","within copperhead range"
"935","28131","within copperhead range"
"936","54033","within copperhead range"
"937","37077","within copperhead range"
"938","13023","within copperhead range"
"939","13033","within copperhead range"
"940","13197","within copperhead range"
"941","13159","within copperhead range"
"942","29175","within copperhead range"
"943","20015","within copperhead range"
"944","45013","within copperhead range"
"945","17027","within copperhead range"
"946","42113","within copperhead range"
"947","28039","within copperhead range"
"948","51620","within copperhead range"
"949","51660","within copperhead range"
"950","21091","within copperhead range"
"951","47181","within copperhead range"
"952","42097","within copperhead range"
"953","51530","within copperhead range"
"954","54093","within copperhead range"
"955","01071","within copperhead range"
"956","21059","within copperhead range"
"957","29097","within copperhead range"
"958","13151","within copperhead range"
"959","37137","within copperhead range"
"960","42021","within copperhead range"
"961","47107","within copperhead range"
"962","40123","within copperhead range"
"963","40037","within copperhead range"
"964","48457","within copperhead range"
"965","47175","within copperhead range"
"966","48145","within copperhead range"
"967","05149","within copperhead range"
"968","21171","within copperhead range"
"969","37033","within copperhead range"
"970","01003","within copperhead range"
"971","19007","within copperhead range"
"972","51127","within copperhead range"
"973","13263","within copperhead range"
"974","54015","within copperhead range"
"975","47083","within copperhead range"
"976","37107","within copperhead range"
"977","18167","within copperhead range"
"978","39005","within copperhead range"
"979","13085","within copperhead range"
"980","13167","within copperhead range"
"981","05095","within copperhead range"
"982","22097","within copperhead range"
"983","05093","within copperhead range"
"984","18043","within copperhead range"
"985","21081","within copperhead range"
"986","21217","within copperhead range"
"987","37075","within copperhead range"
"988","54073","within copperhead range"
"989","17125","within copperhead range"
"990","13303","within copperhead range"
"991","05143","within copperhead range"
"992","48213","within copperhead range"
"993","47153","within copperhead range"
"994","48471","within copperhead range"
"995","48167","within copperhead range"
"996","01011","within copperhead range"
"997","39079","within copperhead range"
"998","48201","within copperhead range"
"999","25017","within copperhead range"
"1000","01001","within copperhead range"
"1001","20121","within copperhead range"
"1002","13091","within copperhead range"
"1003","13225","within copperhead range"
"1004","13163","within copperhead range"
"1005","48347","within copperhead range"
"1006","44009","within copperhead range"
"1007","34017","within copperhead range"
"1008","39151","within copperhead range"
"1009","19177","within copperhead range"
"1010","28095","within copperhead range"
"1011","12033","within copperhead range"
"1012","51169","within copperhead range"
"1013","48239","within copperhead range"
"1014","13289","within copperhead range"
"1015","39099","within copperhead range"
"1016","01087","within copperhead range"
"1017","17191","within copperhead range"
"1018","29151","within copperhead range"
"1019","45055","within copperhead range"
"1020","37073","within copperhead range"
"1021","05101","within copperhead range"
"1022","40103","within copperhead range"
"1023","31067","within copperhead range"
"1024","01115","within copperhead range"
"1025","28123","within copperhead range"
"1026","13095","within copperhead range"
"1027","22059","within copperhead range"
"1028","39157","within copperhead range"
"1029","09110","within copperhead range"
"1030","09120","within copperhead range"
"1031","09130","within copperhead range"
"1032","09140","within copperhead range"
"1033","09150","within copperhead range"
"1034","09160","within copperhead range"
"1035","09170","within copperhead range"
"1036","09180","within copperhead range"
"1037","09190","within copperhead range"
"1038","36085","within copperhead range"
"1039","39071","within copperhead range"
"1040","51036","within copperhead range"
"1041","01023","within copperhead range"
"1042","18083","within copperhead range"
"1043","20133","within copperhead range"
"1044","20107","within copperhead range"
"1045","05013","within copperhead range"
"1046","21101","within copperhead range"
"1047","28105","within copperhead range"
"1048","22119","within copperhead range"
"1049","21141","within copperhead range"
"1050","01043","within copperhead range"
"1051","13097","within copperhead range"
"1052","31097","within copperhead range"
"1053","37187","within copperhead range"
"1054","37007","within copperhead range"
"1055","29073","within copperhead range"
"1056","21031","within copperhead range"
"1057","13211","within copperhead range"
"1058","05037","within copperhead range"
"1059","05107","within copperhead range"
"1060","22093","within copperhead range"
"1061","01117","within copperhead range"
"1062","51685","within copperhead range"
"1063","51013","within copperhead range"
"1064","20013","within copperhead range"
"1065","13031","within copperhead range"
"1066","13309","within copperhead range"
"1067","37049","within copperhead range"
"1068","29087","within copperhead range"
"1069","45041","within copperhead range"
"1070","42047","within copperhead range"
"1071","28031","within copperhead range"
"1072","21021","within copperhead range"
"1073","48089","within copperhead range"
"1074","13109","within copperhead range"
"1075","13307","within copperhead range"
"1076","13169","within copperhead range"
"1077","13135","within copperhead range"
"1078","51700","within copperhead range"
"1079","05047","within copperhead range"
"1080","47125","within copperhead range"
"1081","48419","within copperhead range"
"1082","51017","within copperhead range"
"1083","22075","within copperhead range"
"1084","28115","within copperhead range"
"1085","01047","within copperhead range"
"1086","29107","within copperhead range"
"1087","37195","within copperhead range"
"1088","39117","within copperhead range"
"1089","05033","within copperhead range"
"1090","17109","within copperhead range"
"1091","05067","within copperhead range"
"1092","22079","within copperhead range"
"1093","48067","within copperhead range"
"1094","51840","within copperhead range"
"1095","37061","within copperhead range"
"1096","29045","within copperhead range"
"1097","21015","within copperhead range"
"1098","21229","within copperhead range"
"1099","22009","within copperhead range"
"1100","28137","within copperhead range"
"1101","29227","within copperhead range"
"1102","21039","within copperhead range"
"1103","13321","within copperhead range"
"1104","48139","within copperhead range"
"1105","28077","within copperhead range"
"1106","22127","within copperhead range"
"1107","13231","within copperhead range"
"1108","13259","within copperhead range"
"1109","34025","within copperhead range"
"1110","05021","within copperhead range"
"1111","05045","within copperhead range"
"1112","40041","within copperhead range"
"1113","17061","within copperhead range"
"1114","47043","within copperhead range"
"1115","51183","within copperhead range"
"1116","22115","within copperhead range"
"1117","13257","within copperhead range"
"1118","05005","within copperhead range"
"1119","51049","within copperhead range"
"1120","45085","within copperhead range"
"1121","45075","within copperhead range"
"1122","44007","within copperhead range"
"1123","13107","within copperhead range"
"1124","31133","within copperhead range"
"1125","05081","within copperhead range"
"1126","21183","within copperhead range"
"1127","51191","within copperhead range"
"1128","17149","within copperhead range"
"1129","01107","within copperhead range"
"1130","17145","within copperhead range"
"1131","48467","within copperhead range"
"1132","21161","within copperhead range"
"1133","12005","within copperhead range"
"1134","01077","within copperhead range"
"1135","17173","within copperhead range"
"1136","17051","within copperhead range"
"1137","51590","within copperhead range"
"1138","13011","within copperhead range"
"1139","13305","within copperhead range"
"1140","40069","within copperhead range"
"1141","21023","within copperhead range"
"1142","54087","within copperhead range"
"1143","51670","within copperhead range"
"1144","24045","within copperhead range"
"1145","51083","within copperhead range"
"1146","37091","within copperhead range"
"1147","05009","within copperhead range"
"1148","48185","within copperhead range"
"1149","22007","within copperhead range"
"1150","28013","within copperhead range"
"1151","28041","within copperhead range"
"1152","40127","within copperhead range"
"1153","36105","within copperhead range"
"1154","37165","within copperhead range"
"1155","37085","within copperhead range"
"1156","37105","within copperhead range"
"1157","20027","within copperhead range"
"1158","05003","within copperhead range"
"1159","05041","within copperhead range"
"1160","51740","within copperhead range"
"1161","29025","within copperhead range"
"1162","29111","within copperhead range"
"1163","17139","within copperhead range"
"1164","21107","within copperhead range"
"1165","21013","within copperhead range"
"1166","05123","within copperhead range"
"1167","05097","within copperhead range"
"1168","01029","within copperhead range"
"1169","13179","within copperhead range"
"1170","48349","within copperhead range"
"1171","17017","within copperhead range"
"1172","13247","within copperhead range"
"1173","22031","within copperhead range"
"1174","13105","within copperhead range"
"1175","01005","within copperhead range"
"1176","37017","within copperhead range"
"1177","17167","within copperhead range"
"1178","40035","within copperhead range"
"1179","47035","within copperhead range"
"1180","40021","within copperhead range"
"1181","48231","within copperhead range"
"1182","48499","within copperhead range"
"1183","37035","within copperhead range"
"1184","21025","within copperhead range"
"1185","51678","within copperhead range"
"1186","05135","within copperhead range"
"1187","37177","within copperhead range"
"1188","37113","within copperhead range"
"1189","18155","within copperhead range"
"1190","21105","within copperhead range"
"1191","01061","within copperhead range"
"1192","20127","within copperhead range"
"1193","19051","within copperhead range"
"1194","37143","within copperhead range"
"1195","28045","within copperhead range"
"1196","13315","within copperhead range"
"1197","22081","within copperhead range"
"1198","13281","within copperhead range"
"1199","37095","within copperhead range"
"1200","21225","within copperhead range"
"1201","47067","within copperhead range"
"1202","45067","within copperhead range"
"1203","22117","within copperhead range"
"1204","13093","within copperhead range"
"1205","40121","within copperhead range"
"1206","54017","within copperhead range"
"1207","54105","within copperhead range"
"1208","01045","within copperhead range"
"1209","29075","within copperhead range"
"1210","37071","within copperhead range"
"1211","37101","within copperhead range"
"1212","45019","within copperhead range"
"1213","29001","within copperhead range"
"1214","17183","within copperhead range"
"1215","22085","within copperhead range"
"1216","17137","within copperhead range"
"1217","13235","within copperhead range"
"1218","37015","within copperhead range"
"1219","37167","within copperhead range"
"1220","37079","within copperhead range"
"1221","21131","within copperhead range"
"1222","24039","within copperhead range"
"1223","22051","within copperhead range"
"1224","22103","within copperhead range"
"1225","22023","within copperhead range"
"1226","39027","within copperhead range"
"1227","48373","within copperhead range"
"1228","45037","within copperhead range"
"1229","51001","within copperhead range"
"1230","21121","within copperhead range"
"1231","37129","within copperhead range"
"1232","37147","within copperhead range"
"1233","13001","within copperhead range"
"1234","28153","within copperhead range"
"1235","51081","within copperhead range"
"1236","01123","within copperhead range"
"1237","48287","within copperhead range"
"1238","48073","within copperhead range"
"1239","29007","within copperhead range"
"1240","45029","within copperhead range"
"1241","05055","within copperhead range"
"1242","37141","within copperhead range"
"1243","48405","within copperhead range"
"1244","13249","within copperhead range"
"1245","48313","within copperhead range"
"1246","28159","within copperhead range"
"1247","21103","within copperhead range"
"1248","21167","within copperhead range"
"1249","28053","within copperhead range"
"1250","01025","within copperhead range"
"1251","01069","within copperhead range"
"1252","24029","within copperhead range"
"1253","20037","within copperhead range"
"1254","45049","within copperhead range"
"1255","13029","within copperhead range"
"1256","51053","within copperhead range"
"1257","20207","within copperhead range"
"1258","17079","within copperhead range"
"1259","48331","within copperhead range"
"1260","18147","within copperhead range"
"1261","51710","within copperhead range"
"1262","37179","within copperhead range"
"1263","12091","within copperhead range"
"1264","17013","within copperhead range"
"1265","28103","within copperhead range"
"1266","05147","within copperhead range"
"1267","34015","within copperhead range"
"1268","01129","within copperhead range"
"1269","17121","within copperhead range"
"1270","51007","within copperhead range"
"1271","13243","within copperhead range"
"1272","17187","within copperhead range"
"1273","01089","within copperhead range"
"1274","47189","within copperhead range"
"1275","48063","within copperhead range"
"1276","20087","within copperhead range"
"1277","22045","within copperhead range"
"1278","37133","within copperhead range"
"1279","47057","within copperhead range"
"1280","48161","within copperhead range"
"1281","01041","within copperhead range"
"1282","51520","within copperhead range"
"1283","05145","within copperhead range"
"1284","28083","within copperhead range"
"1285","29053","within copperhead range"
"1286","29047","within copperhead range"
"1287","28027","within copperhead range"
"1288","19057","within copperhead range"
"1289","20143","within copperhead range"
"1290","12059","within copperhead range"
"1291","28047","within copperhead range"
"1292","48315","within copperhead range"
"1293","48291","within copperhead range"
"1294","39081","within copperhead range"
"1295","54083","within copperhead range"
"1296","54049","within copperhead range"
"1297","37065","within copperhead range"
"1298","48241","within copperhead range"
"1299","13213","within copperhead range"
"1300","36083","within copperhead range"
"1301","05077","within copperhead range"
"1302","01015","within copperhead range"
"1303","28059","within copperhead range"
"1304","21037","within copperhead range"
"1305","28107","within copperhead range"
"1306","48071","within copperhead range"
"1307","13239","within copperhead range"
"1308","48199","within copperhead range"
"1309","40107","within copperhead range"
"1310","48085","within copperhead range"
"1311","45001","within copperhead range"
"1312","45051","within copperhead range"
"1313","51720","within copperhead range"
"1314","29211","within copperhead range"
"1315","48039","within copperhead range"
"1316","51790","within copperhead range"
"1317","13221","within copperhead range"
"1318","05029","within copperhead range"
"1319","29147","within copperhead range"
"1320","22069","within copperhead range"
"1321","22109","within copperhead range"
"1322","19111","within copperhead range"
"1323","47121","within copperhead range"
"1324","29213","within copperhead range"
"1325","13269","within copperhead range"
"1326","51830","within copperhead range"
"1327","40079","within copperhead range"
"1328","34013","within copperhead range"
"1329","29115","within copperhead range"
"1330","13209","within copperhead range"
"1331","13133","within copperhead range"
"1332","48293","within copperhead range"
"1333","45021","within copperhead range"
"1334","48321","within copperhead range"
"1335","13301","within copperhead range"
"1336","13165","within copperhead range"
"1337","13149","within copperhead range"
"1338","01079","within copperhead range"
"1339","22013","within copperhead range"
"1340","29135","within copperhead range"
"1341","51193","within copperhead range"
"1342","37197","within copperhead range"
"1343","37191","within copperhead range"
"1344","05061","within copperhead range"
"1345","37059","within copperhead range"
"1346","05099","within copperhead range"
"1347","22015","within copperhead range"
"1348","20169","within copperhead range"
"1349","42093","within copperhead range"
"1350","45057","within copperhead range"
"1351","13051","within copperhead range"
"1352","05119","within copperhead range"
"1353","42045","within copperhead range"
"1354","39061","within copperhead range"
"1355","13219","within copperhead range"
"1356","18153","within copperhead range"
"1357","13201","within copperhead range"
"1358","47103","within copperhead range"
"1359","21211","within copperhead range"
"1360","45005","within copperhead range"
"1361","18021","within copperhead range"
"1362","29141","within copperhead range"
"1363","39075","within copperhead range"
"1364","18079","within copperhead range"
"1365","45061","within copperhead range"
"1366","18027","within copperhead range"
"1367","22003","within copperhead range"
"1368","45027","within copperhead range"
"1369","21219","within copperhead range"
"1370","42095","within copperhead range"
"1371","01103","within copperhead range"
"1372","21027","within copperhead range"
"1373","21213","within copperhead range"
"1374","39029","within copperhead range"
"1375","51125","within copperhead range"
"1376","05053","within copperhead range"
"1377","13175","within copperhead range"
"1378","36061","within copperhead range"
"1379","05007","within copperhead range"
"1380","51135","within copperhead range"
"1381","36021","within copperhead range"
"1382","51690","within copperhead range"
"1383","20041","within copperhead range"
"1384","13103","within copperhead range"
"1385","01075","within copperhead range"
"1386","47117","within copperhead range"
"1387","05087","within copperhead range"
"1388","01113","within copperhead range"
"1389","39019","within copperhead range"
"1390","05039","within copperhead range"
"1391","13067","within copperhead range"
"1392","47091","within copperhead range"
"1393","39013","within copperhead range"
"1394","29133","within copperhead range"
"1395","05025","within copperhead range"
"1396","48113","within copperhead range"
"1397","22095","within copperhead range"
"1398","29197","within copperhead range"
"1399","01059","within copperhead range"
"1400","21041","within copperhead range"
"1401","48217","within copperhead range"
"1402","20125","within copperhead range"
"1403","45039","within copperhead range"
"1404","17117","within copperhead range"
"1405","39141","within copperhead range"
"1406","40077","within copperhead range"
"1407","21075","within copperhead range"
"1408","54091","within copperhead range"
"1409","21093","within copperhead range"
"1410","51630","within copperhead range"
"1411","37053","within copperhead range"
"1412","17101","within copperhead range"
"1413","18125","within copperhead range"
"1414","21047","within copperhead range"
"1415","19179","within copperhead range"
"1416","28157","within copperhead range"
"1417","28025","within copperhead range"
"1418","28037","within copperhead range"
"1419","28099","within copperhead range"
"1420","01035","within copperhead range"
"1421","18029","within copperhead range"
"1422","05035","within copperhead range"
"1423","12063","within copperhead range"
"1424","51115","within copperhead range"
"1425","19087","within copperhead range"
"1426","29121","within copperhead range"
"1427","48015","within copperhead range"
"1428","29061","within copperhead range"
"1429","13253","within copperhead range"
"1430","29205","within copperhead range"
"1431","20201","within copperhead range"
"1432","17019","within copperhead range"
"1433","17045","within copperhead range"
"1434","48423","within copperhead range"
"1435","40091","within copperhead range"
"1436","48395","within copperhead range"
"1437","51099","within copperhead range"
"1438","42081","within copperhead range"
"1439","13237","within copperhead range"
"1440","51640","within copperhead range"
"1441","05073","within copperhead range"
"1442","39025","within copperhead range"
"1443","20049","within copperhead range"
"1444","39121","within copperhead range"
"1445","48051","within copperhead range"
"1446","28133","within copperhead range"
"1447","47077","within copperhead range"
"1448","31147","within copperhead range"
"1449","17021","within copperhead range"
"1450","13007","within copperhead range"
"1451","21185","within copperhead range"
"1452","22101","within copperhead range"
"1453","22057","within copperhead range"
"1454","12113","within copperhead range"
"1455","21223","within copperhead range"
"1456","45033","within copperhead range"
"1457","37103","within copperhead range"
"1458","29199","within copperhead range"
"1459","20131","within copperhead range"
"1460","13087","within copperhead range"
"1461","20031","within copperhead range"
"1462","48455","within copperhead range"
"1463","13205","within copperhead range"
"1464","21147","within copperhead range"
"1465","21191","within copperhead range"
"1466","21215","within copperhead range"
"1467","21133","within copperhead range"
"1468","51680","within copperhead range"
"1469","05125","within copperhead range"
"1470","54053","within copperhead range"
"1471","28063","within copperhead range"
"1472","21049","within copperhead range"
"1473","18145","within copperhead range"
"1474","39049","within copperhead range"
"1475","21239","within copperhead range"
"1476","45053","within copperhead range"
"1477","45065","within copperhead range"
"1478","45087","within copperhead range"
"1479","22123","within copperhead range"
"1480","12077","within copperhead range"
"1481","21149","within copperhead range"
"1482","28057","within copperhead range"
"1483","13217","within copperhead range"
"1484","25009","within copperhead range"
"1485","45079","within copperhead range"
"1486","54009","within copperhead range"
"1487","54043","within copperhead range"
"1488","18133","within copperhead range"
"1489","22121","within copperhead range"
"1490","29171","within copperhead range"
"1491","37041","within copperhead range"
"1492","51730","within copperhead range"
"1493","05017","within copperhead range"
"1494","13021","within copperhead range"
"1495","05115","within copperhead range"
"1496","51175","within copperhead range"
"1497","48183","within copperhead range"
"1498","05089","within copperhead range"
"1499","51800","within copperhead range"
"1500","29049","within copperhead range"
"1501","05117","within copperhead range"
"1502","05011","within copperhead range"
"1503","24011","within copperhead range"
"1504","10001","within copperhead range"
"1505","20003","within copperhead range"
"1506","21165","within copperhead range"
"1507","13267","within copperhead range"
"1508","37117","within copperhead range"
"1509","13317","within copperhead range"
"1510","48285","within copperhead range"
"1511","13125","within copperhead range"
"1512","20117","within copperhead range"
"1513","13313","within copperhead range"
"1514","29033","within copperhead range"
"1515","31169","within copperhead range"
"1516","39165","within copperhead range"
"1517","13255","within copperhead range"
"1518","29217","within copperhead range"
"1519","13035","within copperhead range"
"1520","44001","within copperhead range"
"1521","44005","within copperhead range"
"1522","39045","within copperhead range"
"1523","01051","within copperhead range"
"1524","13187","within copperhead range"
"1525","39083","within copperhead range"
"1526","48379","within copperhead range"
"1527","05043","within copperhead range"
"1528","29015","within copperhead range"
"1529","05109","within copperhead range"
"1530","48343","within copperhead range"
"1531","42125","within copperhead range"
"1532","20103","within copperhead range"
"1533","29129","within copperhead range"
"1534","37127","within copperhead range"
"1535","51199","within copperhead range"
"1536","29159","within copperhead range"
"1537","20019","within copperhead range"
"1538","48459","within copperhead range"
"1539","40061","within copperhead range"
"1540","54069","within copperhead range"
"1541","22071","within copperhead range"
"1542","01073","within copperhead range"
"1543","01127","within copperhead range"
"1544","29063","within copperhead range"
"1545","12039","within copperhead range"
"1546","13083","within copperhead range"
"1547","17047","within copperhead range"
"1548","01111","within copperhead range"
"1549","37009","within copperhead range"
"1550","51683","within copperhead range"
"1551","05139","within copperhead range"
"1552","17071","within copperhead range"
"1553","01101","within copperhead range"
"1554","21155","within copperhead range"
"1555","28067","within copperhead range"
"1556","37019","within copperhead range"
"1557","51131","within copperhead range"
"1558","01007","within copperhead range"
"1559","51091","within copperhead range"
"1560","13153","within copperhead range"
"1561","05131","within copperhead range"
"1562","13191","within copperhead range"
"1563","13207","within copperhead range"
"1564","29069","within copperhead range"
"1565","13117","within copperhead range"
"1566","28147","within copperhead range"
"1567","29137","within copperhead range"
"1568","45017","within copperhead range"
"1569","21069","within copperhead range"
"1570","22005","within copperhead range"
"1571","51041","within copperhead range"
"1572","22001","within copperhead range"
"1573","42121","within copperhead range"
"1574","37123","within copperhead range"
"1575","28065","within copperhead range"
"1576","47045","within copperhead range"
"1577","51149","within copperhead range"
"1578","05075","within copperhead range"
"1579","37181","within copperhead range"
"1580","45011","within copperhead range"
"1581","01055","within copperhead range"
"1582","47119","within copperhead range"
"1583","25021","within copperhead range"
"1584","18063","within copperhead range"
"1585","45043","within copperhead range"
"1586","51650","within copperhead range"
"1587","22089","within copperhead range"
"1588","05111","within copperhead range"
"1589","01021","within copperhead range"
"1590","48351","within copperhead range"
"1591","13009","within copperhead range"
"1592","01031","within copperhead range"
"1593","40119","within copperhead range"
"1594","01039","within copperhead range"
"1595","18093","within copperhead range"
"1596","21169","within copperhead range"
"1597","21207","within copperhead range"
"1598","22011","within copperhead range"
"1599","21163","within copperhead range"
"1600","21187","within copperhead range"
"1601","29155","within copperhead range"
"1602","48365","within copperhead range"
"1603","48001","within copperhead range"
"1604","29510","within copperhead range"
"1605","48339","within copperhead range"
"1606","37043","within copperhead range"
"1607","20197","within copperhead range"
"1608","21181","within copperhead range"
"1609","25023","within copperhead range"
"1610","36005","within copperhead range"
"1611","37055","within copperhead range"
"1612","37047","within copperhead range"
"1613","39053","within copperhead range"
"1614","51570","within copperhead range"
"1615","39031","within copperhead range"
"1616","01067","within copperhead range"
"1617","13177","within copperhead range"
"1618","45025","within copperhead range"
"1619","47101","within copperhead range"
"1620","51810","within copperhead range"
"1621","51103","within copperhead range"
"1622","29013","within copperhead range"
"1623","51159","within copperhead range"
"1624","34021","within copperhead range"
"1625","44003","within copperhead range"
"1626","20085","within copperhead range"
"1627","22041","within copperhead range"
"1628","28155","within copperhead range"
"1629","25011","within copperhead range"
"1630","29143","within copperhead range"
"1631","05057","within copperhead range"
"1632","51117","within copperhead range"
"1633","21233","within copperhead range"
